motif_id,motif_name,width,e_value,bayes_threshold,autism_with,autism_without,control_with,control_without,odds_ratio,p_value,q_value,enrichment_fold,significant_q05
motif_1,EHHHHHHHHHHHHH,14,3.1e-31,14.0,12,1490,0,1130,inf,0.0011705296744901352,0.005853,inf,True
motif_2,QQQQQQQQQQQ,11,7.1e-25,12.75,41,1461,7,1123,4.5021,2.2358354005924765e-05,0.000224,4.41,True
motif_3,MSTTIMETTTTMATT,15,6.6e-06,13.54,6,1496,0,1130,inf,0.03439051102227562,0.085976,inf,False
motif_4,DESRNYISNSAQSNG,15,2.4,14.33,6,1496,0,1130,inf,0.03439051102227562,0.085976,inf,False
motif_5,TDDEDFYTTFPLVTD,15,18.0,14.62,2,1500,0,1130,inf,0.32556963443811743,0.32557,inf,False
motif_6,VASAECPSDDEDJ,13,5.7,14.51,4,1498,0,1130,inf,0.1058742749464668,0.176457,inf,False
motif_7,PSGGPCQAER,10,2200.0,15.58,2,1500,0,1130,inf,0.32556963443811743,0.32557,inf,False
motif_8,KNLENYIC,8,2900.0,15.62,2,1500,0,1130,inf,0.32556963443811743,0.32557,inf,False
motif_9,MDSQMLASSTM,11,5800.0,14.56,4,1498,0,1130,inf,0.1058742749464668,0.176457,inf,False
motif_10,NETGHYRDDNR,11,8600.0,15.56,2,1500,0,1130,inf,0.32556963443811743,0.32557,inf,False
